Product Name,Manufacturer,Category,SubCategory/Details,Types
Alfashield SBR 50,Alfashield Polymers,Structural Repair,SBR Latex Polymer,Bonding Agents
Alfa Crete Prime Plus,Alfashield Polymers,Waterproofing,Acrylic waterproofing copolymer,Waterproofing copolymer
Alfa Black,Alfashield Polymers,Waterproofing,Bituminous Waterproofing Coating,Bituminous Waterproofing
Alfa White,Alfashield Polymers,Waterproofing,Acrylic Waterproof Coating for wall and roof,Protective Waterproof Coatings
Alfa Mr. Black,Alfashield Polymers,Waterproofing,Bituminous Waterproofing Coating with high tensile,Bituminous Waterproofing
Alfa PU 1K,Alfashield Polymers,Waterproofing,PU Waterproofing Coating,Liquid Applied Waterproofing
Apcocrete,Apcotex Industries,Waterproofing,Acrylic coopolymer for waterproofing,Acrylic coopolymer
Apoguard,Apcotex Industries,Waterproofing,SBR Latex Polymer,SBR copolymer
Cico NSPGC ( 20 pouch per box ),Cico,Grouts,Non shrink grout admixture,Cementitious Grouts
Cico Polygrout,Cico,Injection Systems,Single component PU injection,PU foam injection
Cico Crackseal paste,Cico,Structural Repair,Crack Filler / Crack Repair for plaster cracks,Crack Repair
Cico Bond EPO,Cico,Structural Repair,Epoxy Bonding Agent,Bonding Agents
Cico Microconcrete,Cico,Structural Repair,Microconcrete,Repair Mortars & Microconcrete
Cico Tapecrete P151,Cico,Waterproofing,Single component polymer ,Waterproofing systems
Cico Tapecrete RTU,Cico,Waterproofing,Two component cementitious system,Waterproofing systems
Cico No.1,Cico,Waterproofing,Normal setting Integral waterproofing,Integral / Cementitious Waterproofing
Cico No. 3,Cico,Waterproofing,Quick setting integral waterproofing,Integral / Cementitious Waterproofing
Cico Super,Cico,Waterproofing,Integral waterproofing compound,Integral / Cementitious Waterproofing
Ease Grout,Constro-Link Ease Series,Grouts,Polyurethane multiuse grout for waterproofing,Polyurethane injection
Ease Koolcoat,Constro-Link Ease Series,Protective Coatings,Cool roof system,Protective Coatings
Ease Nano Primer,Constro-Link Ease Series,Waterproofing,Nano / Surface Primer,Primers
Dr. Fixit Polyplus CP admix,Dr. Fixit,Concrete Admixtures,Concrete Admixture,Crystalline Waterproofing
Dr. Fixit Dampguard Classic,Dr. Fixit,Protective Coatings,Food grade epoxy for water tank,Epoxy Coatings
Dr. Fixit Pidicrete URP,Dr. Fixit,Structural Repair,Acrylic Polymer / Latex Bonding Agent/waterproofing copolymer,Bonding Agents
Dr. Fixit prebond D.S 30  Tape ,Dr. Fixit,Waterproofing,Sealing / Waterproofing Tape,Joint Waterproofing Tapes
Dr. Fixit Primeseal,Dr. Fixit,Waterproofing,Primer for newcoat ,Primer for liquid applied systems
Dr. Fixit Cipoxy D,Dr. Fixit,Waterproofing,Primer for Flexi PU 270 I,Primer
Dr. Fixit Pidifin 2K,Dr. Fixit,Waterproofing,Two component cementitious system,Cementitious / Coating Waterproofing
Dr. Fixit Fastflex,Dr. Fixit,Waterproofing,Two component cementitious system,Cementitious / Coating Waterproofing
Dr. Fixit Pidiproof LW+,Dr. Fixit,Waterproofing,Integral waterproofing compound,Waterproofing systems
Dr. Fixit Pidiproof LW+ Super,Dr. Fixit,Waterproofing,Integral waterproofing compound,Waterproofing systems
Dr. Fixit Newcoat white,Dr. Fixit,Waterproofing,Acrylic / Elastomeric / Resin Waterproofing,Liquid Applied Waterproofing
Dr. Fixit Polyplus CP,Dr. Fixit,Waterproofing,Crystalline waterproofing coating,Crystalline Waterproofing
Dr. Fixit Krystalline,Dr. Fixit,Waterproofing,Crystalline waterproofing coating,Crystalline Waterproofing
Dr. Fixit Flexi PU 270 i,Dr. Fixit,Waterproofing,Polyurethane based waterproof coating for roofs,Liquid Applied Waterproofing
Dr. Fixit Roofseal Classic,Dr. Fixit,Waterproofing,Polyurethane based waterproof coating for roofs,Liquid Applied Waterproofing
Fosroc Lokfix P,Fosroc,Anchoring & Fixings,Polyester Resin Anchor,Chemical Anchoring
Fosroc Conplast WL extra,Fosroc,Concrete Admixtures,Integral waterproofing compound,Concrete Admixtures
Fosroc Conplast P211,Fosroc,Concrete Admixtures,Concrete Admixture,Plasticizers / Superplasticizers
Fosroc Conplast SP430 srv DIS,Fosroc,Concrete Admixtures,Concrete Admixture,Plasticizers / Superplasticizers
Fosroc Conplast SP440 qcda 773,Fosroc,Concrete Admixtures,Concrete Admixture,Plasticizers / Superplasticizers
Fosroc Concure WB Std white,Fosroc,Shuttering oil & Curing Compounds,Concrete Curing Compound,Curing Compounds
Fosroc Hardtop Std,Fosroc,Flooring & Surface Hardening,Non metallic floor hardener,Concrete Floor / Surface Hardener
Fosroc Conbextra GP2,Fosroc,Grouts,Cementitious Grout for foundations,Cementitious Grouts
Fosroc Cebex 100 ( 50 pouch in box ),Fosroc,Grouts,Expansive / Non-Shrink Grouting Admixture,Cementitious Grouts
Fosroc Conbextra EP10m,Fosroc,Grouts,Epoxy Grout,Epoxy Grouts
Fosroc Conbextra EP10,Fosroc,Grouts,Epoxy Grout,Epoxy Grouts
Fosroc Nitofill PU 1F,Fosroc,Injection Systems,Single component PU injection,PU foam injection
Fosroc Nitozinc Primer std,Fosroc,Protective Coatings,Epoxy primer for sturctural members/rebars,Primers
Fosroc Reebol Emulsion extra,Fosroc,Shuttering oil & Curing Compounds,Shuttering / Form Release Agent,Form Release Agents
Fosroc Reebol Standard,Fosroc,Shuttering oil & Curing Compounds,Shuttering / Form Release Agent,Form Release Agents
Fosroc Nitobond AR Std,Fosroc,Structural Repair,Acrylic Polymer based Bonding Agent,Bonding Agents
Fosroc Nitobond SBR 300,Fosroc,Structural Repair,Polymer / Latex Bonding Agent,Bonding Agents
Fosroc Nitobond SBR Latex,Fosroc,Structural Repair,Polymer / Latex Bonding Agent,Bonding Agents
Fosroc Nitobond EP Std,Fosroc,Structural Repair,Epoxy based bonding agent,Bonding Agents
Fosroc Renderoc Plug,Fosroc,Structural Repair,Quick setting plug,Plugging compound
Fosroc Patchroc,Fosroc,Structural Repair,Industrial Floor repair rapid setting patching mortar,Repair Mortars & Microconcrete
Fosroc Renderoc SP40,Fosroc,Structural Repair,Structural repair mortar with fibers,Repair Mortars & Microconcrete
Fosroc Renderoc FC,Fosroc,Structural Repair,Fairing coat to treat pin holes,Repair Mortars & Microconcrete
Fosroc Reebaklens,Fosroc,Structural Repair,Concrete / Surface Cleaner,Cleaning Agents
Fosroc Reebaklens RR,Fosroc,Structural Repair,Rust Remover / Surface Treatment,Rust remover
Fosroc Brushbond RFX,Fosroc,Waterproofing,Two component cementitious system,Waterproofing systems
Fosroc Brushbond Ultraflex Grey,Fosroc,Waterproofing,Two component cementitious system,Waterproofing systems
Fosroc Nitocoat CM210 Grey,Fosroc,Waterproofing,Two component cementitous system,Waterproofing systems
Fosroc Hydroproof Extra,Fosroc,Waterproofing,Acrylic coopolymer for waterproofing,Acrylic coopolymer
Mariseal 250 (White),Kangaroo & Maris Polymers,Waterproofing,PU Waterproofing Membrane,Liquid Applied Waterproofing
Mariseal 250 (Grey),Kangaroo & Maris Polymers,Waterproofing,PU Waterproofing Membrane,Liquid Applied Waterproofing
Mariseal 275,Kangaroo & Maris Polymers,Waterproofing,PU Waterproofing Membrane,Liquid Applied Waterproofing
Maris Fabric 60 GSM (1M X 100M Roll),Kangaroo & Maris Polymers,Waterproofing,Polyester Reinforcement Fabric,Reinforcement Fabrics
Kanproof,Kangaroo & Maris Polymers,Waterproofing,Acrylic Waterproofing Coating,Waterproofing Coatings
Kempertec EP Primer Comp A,Kemper,Waterproofing,Epoxy Primer Component,Epoxy Primers
Kempertec EP Primer Comp B,Kemper,Waterproofing,Epoxy Primer Component,Epoxy Primers
Kemco Pox 2K primer Comp A,Kemper,Waterproofing,Epoxy Primer Component,Epoxy Primers
Kemco Pox 2K primer Comp B,Kemper,Waterproofing,Epoxy Primer Component,Epoxy Primers
Kemperol V210 M,Kemper,Waterproofing,Resin Waterproofing System,Liquid Applied Waterproofing
Inhibitor,Kemper,Waterproofing,Catalyst / Inhibitor for Kemperaol V210,Resin System Components
Catalyst Powder,Kemper,Waterproofing,Catalyst / Inhibitor for Kemperaol V210,Resin System Components
Kemperol 022,Kemper,Waterproofing,Resin Waterproofing System for wet areas,Liquid Applied Waterproofing
Kemperol 1K,Kemper,Waterproofing,Polyurethane Waterproofing System,Liquid Applied Waterproofing
Fleece 165 ( 50 rmtr ),Kemper,Waterproofing,Reinforcement Fleece 165 GSM for Kemperol V210,Reinforcement Fleece
21 Cm,Kemper,Waterproofing,Fleece Width Variant,Reinforcement Fleece
26.25 Cm,Kemper,Waterproofing,Fleece Width Variant,Reinforcement Fleece
35 Cm,Kemper,Waterproofing,Fleece Width Variant,Reinforcement Fleece
52.5 Cm,Kemper,Waterproofing,Fleece Width Variant,Reinforcement Fleece
70 Cm,Kemper,Waterproofing,Fleece Width Variant,Reinforcement Fleece
105 Cm,Kemper,Waterproofing,Fleece Width Variant,Reinforcement Fleece
Fleece 120 ( 105 cm X 50 rmtr ),Kemper,Waterproofing,Reinforcement Fleece for Kemperol 1K,Reinforcement Fleece
Fleece 500 in 70 cmX 50 rmtr roll,Kemper,Waterproofing,Reinforcement Fleece for Kemperol 022,Reinforcement Fleece
Fleece 80 105 cm X 50 mtr,Kemper,Waterproofing,Reinforcement Fleece for Kemperol Aqua,Reinforcement Fleece
Quartz Sand (400-800 micron),Kemper,Waterproofing,Quartz Sand,Resin System Aggregates
Snad 50kg ,Kemper,Waterproofing,Quartz Sand for waterproofing and coving,Agreegates
Kerapoxy 100,Kerapoxy,Grouts,Epoxy tile grout 2 components,Epoxy Grouts
Kerapoxy 114,Kerapoxy,Grouts,Epoxy tile grout 2 components,Epoxy Grouts
Kerapoxy 120,Kerapoxy,Grouts,Epoxy tile grout 2 components,Epoxy Grouts
Kerapoxy 130,Kerapoxy,Grouts,Epoxy tile grout 2 components,Epoxy Grouts
 Kerapoxy 143,Kerapoxy,Grouts,Epoxy tile grout 2 components,Epoxy Grouts
Kwickseal AT Tape,Kwickfix Industries Pvt. Ltd.,Waterproofing,"Self-Adhesive Waterproofing Tape Available in 4"", 6"", 8""",Joint Waterproofing Tapes
Kwickseal BT Tape,Kwickfix Industries Pvt. Ltd.,Waterproofing,Self-Adhesive Waterproofing Tape,Joint Waterproofing Tapes
Kwickseal GT Tape,Kwickfix Industries Pvt. Ltd.,Waterproofing,"Self-Adhesive Waterproofing Tape Available in 4"", 6""",Joint Waterproofing Tapes
Emcekrete type A ,MC Bauchemie,Grouts,Precision / Non-Shrink Grout,Cementitious Grouts
Inject 2300 Top,MC Bauchemie,Injection Systems,Polyurethane injection for waterproofing,Injection Resins & Grouts
Inject 2700 L,MC Bauchemie,Injection Systems,Polyurethane injection for waterproofing,Injection Resins & Grouts
Inject 2133,MC Bauchemie,Injection Systems,Polyurethane injection for waterproofing,Injection Resins & Grouts
Inject 2111,MC Bauchemie,Injection Systems,Polyurethane injection for waterproofing,Injection Resins & Grouts
Mycoflex LM PU Sealant,MC Bauchemie,Joint Sealants & Accessories,PU / Silicone / Joint Sealant,Sealants
MC Bauchemie MC Dur 1700,MC Bauchemie,Protective Coatings,Coal-Tar Epoxy Coating,Epoxy Coatings
MC Bauchemie KM250,MC Bauchemie,Structural Repair,Structural repair mortar with fibers,Repair Mortars & Microconcrete
Waterstop SW (20mm X 10mm),MC Bauchemie,Waterproofing,Acrylic hydrofilling waterbar,Waterstops
Zentrifix Elastic Plus,MC Bauchemie,Waterproofing,Two compounent waterproofing systems,cementitious waterproofing
Zentrifix Elastic,MC Bauchemie,Waterproofing,Two compounent waterproofing systems,cementitious waterproofing
Nafufill BB2,MC Bauchemie,Waterproofing,Acrylic coopolymer for waterproofing,Cementitious waterproofing
Dichtament DM,MC Bauchemie,Waterproofing,Integral waterproofing compound,Cementitious waterproofing
Dichtament DS2,MC Bauchemie,Waterproofing,Crystalline waterprofing coating,Crystalline waterproofing
Dichtament DS,MC Bauchemie,Waterproofing,Crystalline waterproofing to be used with Nafufill BB2,Crystalline waterproofing
Special Plus,MC Bauchemie,Waterproofing,Crystalline integral waterproofing admixture,Crystalline waterproofing
Damplock R1,MC Bauchemie,Waterproofing,Rising dampness waterproofing injections,Waterproofing injections
Damplock R2,MC Bauchemie,Waterproofing,Rising dampness waterproofing injections,Waterproofing injections
DF8,MC Bauchemie,Waterproofing,Acrylic waterproof coating for roofs,Liquid Applied Waterproofing
Roofex 2900 PM,MC Bauchemie,Waterproofing,Tar modified waterproofing coating,Liquid Applied Waterproofing
Special DM ,MC Bauchemie,Waterproofing,Integral waterproofing compound,Waterproofing admixture
MYK Arment Floor Hard,MYK Arment,Flooring & Surface Hardening,Non metallic floor hardener,Floor Hardeners
MYK Arment Cul 30 ,MYK Arment,Flooring & Surface Hardening,Floor self leveling for vinyl / wooden floor,Floor leveler
MYK Arment NS 50,MYK Arment,Grouts,Grout with M50 strength,Grouts
MYK Arment NS 65,MYK Arment,Grouts,Grout with M65 strength,Grouts
MYK Arment Grout Add,MYK Arment,Grouts,Non shrink grout admixture,Grouts
MYK Arment Inject 1,MYK Arment,Injection Systems,Polyurethane Injection foam with catalyst,Injection Resins & Grouts
MYK Arment Inject 2,MYK Arment,Injection Systems,Polyurethane injection Gel,Injection Resins & Grouts
MYK Arment Sealarm PU flex G,MYK Arment,Joint Sealants & Accessories,PU / Silicone / Joint Sealant,Sealants
MYK Arment DS Tape ,MYK Arment,Joint Sealants & Accessories,Sealing / Waterproofing Tape,Joint Waterproofing Tapes
MYK Arment Dampcoat,MYK Arment,Protective Coatings,Food grade epoxy for water tank,Epoxy coatings
MYK Arment Tankcoat,MYK Arment,Protective Coatings,Food grade epoxy for water tank,Epoxy coatings
MYK Arment Armix Ezyrelease,MYK Arment,Shuttering oil & Curing Compounds,Shuttering / Form Release Agent,Form Release Agents
MYK Arment Latex 45,MYK Arment,Structural Repair,Polymer / Latex Bonding Agent,Bonding Agents
MYK Arment Microconcrete,MYK Arment,Structural Repair,Repair Mortar / Microconcrete,Repair Mortars & Microconcrete
MYK Arment Krackfill Paste,MYK Arment,Structural Repair,Crack filler paste for external walls,Plaster crack repairs
MYK Arment Krackfill W powder ( 20 nos per pack ),MYK Arment,Structural Repair,Crack filler powder white base,Plaster crack repairs
MYK Arment Krackfill G powder ( 20 nos per pack ),MYK Arment,Structural Repair,Crack filler powder Grey base,Plaster crack repairs
MYK Arment Repair Mortar PB,MYK Arment,Structural Repair,Repair Mortar / Microconcrete,Repair Mortars & Microconcrete
MYK Arment Hack Aid P,MYK Arment,Structural Repair,Hack-Free / Bonding Agent,Bonding Agents
MYK Arment Wondercoat,MYK Arment,Waterproofing,Waterproofing and Anticarbonation coating for walls,Protective & Industrial Coatings
MYK Arment Rightcoat,MYK Arment,Waterproofing,Acrylic waterproof coating for roofs,Protective & Industrial Coatings
MYK Arment Saniguard,MYK Arment,Waterproofing,Waterproofing system for Wet areas,Waterproofing systems
MYK Arment Ultra Primer,MYK Arment,Waterproofing,Primer for MYK Arment WPU Ultra,Primers
MYK Arment Saniguard Primer,MYK Arment,Waterproofing,Primer for MYK Arment Saniguard,Primers
MYK Arment WPU Ultra,MYK Arment,Waterproofing,Polyurethane based waterproof coating for roofs,Liquid Applied Waterproofing
MYK Arment WP10,MYK Arment,Waterproofing,Integral waterproofing compound,Integral Waterproofing Admixtures
MYK Arment Crystalline IC,MYK Arment,Waterproofing,Crystalline Waterproofing,Crystalline Waterproofing
MYK Arment Multicrete,MYK Arment,Waterproofing,Single component acrylic waterproofing copolymer,Acrylic coopolymer
MYK Arment Topguard,MYK Arment,Waterproofing,Two component waterproofing systems,Cementitious / Coating Waterproofing
MYK Arment Superflex,MYK Arment,Waterproofing,Two comopnent waterproofing systems,Cementitious / Coating Waterproofing
MYK Arment Superflex F,MYK Arment,Waterproofing,Two comopnent waterproofing systems,Cementitious / Coating Waterproofing
40 GSM PP Needle Punch Waterproofing Geotextile,Non-Woven Geotextiles,Geotextiles ,PP Non-Woven Geotextile,Non-Woven Geotextiles
40 GSM Plain Waterproofing Geotextile,Non-Woven Geotextiles,Geotextiles ,PP Non-Woven Geotextile,Non-Woven Geotextiles
50 GSM Plain Waterproofing Geotextile,Non-Woven Geotextiles,Geotextiles ,PP Non-Woven Geotextile,Non-Woven Geotextiles
60 GSM Plain Waterproofing Geotextile,Non-Woven Geotextiles,Geotextiles ,PP Non-Woven Geotextile,Non-Woven Geotextiles
80 GSM Protection Geotextile,Non-Woven Geotextiles,Geotextiles ,PP Non-Woven Geotextile,Non-Woven Geotextiles
100 GSM Protection Geotextile,Non-Woven Geotextiles,Geotextiles ,PP Non-Woven Geotextile,Non-Woven Geotextiles
120 GSM Protection Geotextile,Non-Woven Geotextiles,Geotextiles ,PP Non-Woven Geotextile,Non-Woven Geotextiles
150 GSM Protection Geotextile,Non-Woven Geotextiles,Geotextiles ,PP Non-Woven Geotextile,Non-Woven Geotextiles
200 GSM Protection Geotextile,Non-Woven Geotextiles,Geotextiles ,PP Non-Woven Geotextile,Non-Woven Geotextiles
300 GSM Protection Geotextile,Non-Woven Geotextiles,Geotextiles ,PP Non-Woven Geotextile,Non-Woven Geotextiles
Fischer FISV 360 Plus,Others,Anchoring & Fixings,Chemical Anchor / Fixing,Chemical Anchoring / Fixings
Rodfix 350ml RS750,Others,Anchoring & Fixings,Chemical Anchor / Fixing,Chemical Anchoring / Fixings
Rodfix M 10 X130,Others,Anchoring & Fixings,Chemical Anchor / Fixing,Chemical Anchoring / Fixings
Rodfix M 24 X 300,Others,Anchoring & Fixings,Chemical Anchor / Fixing,Chemical Anchoring / Fixings
Rodfix M 12 X 200 ,Others,Anchoring & Fixings,Chemical Anchor / Fixing,Chemical Anchoring / Fixings
Hilti 20 X 300 ,Others,Anchoring & Fixings,Chemical Anchor / Fixing,Chemical Anchoring / Fixings
Rodfix Fischer Gun 350 ml,Others,Anchoring & Fixings,Gun to extrude Rodfix / Fischer,Chemical Anchoring grout accesories
Rodfix Hilti Gun 585 ml,Others,Anchoring & Fixings,Gun to extrude rodfix / Hilti,Chemical anchoring grout accesories
Epoxy Resin,Others,Structural Repair,Epoxy Resin / Hardener,Epoxy Components
Epoxy Hardner,Others,Structural Repair,Epoxy Resin / Hardener,Epoxy Components
Fibermesh 45 GSM,Others,Fibers & Reinforcement,Fiberglass / Joint Mesh,Mesh Reinforcement
Fibermesh 60 GSM,Others,Fibers & Reinforcement,Fiberglass / Joint Mesh,Mesh Reinforcement
Joint Mesh  125 Gsm,Others,Fibers & Reinforcement,Fiberglass / Joint Mesh,Mesh Reinforcement
Cement Grouting Pump 140 psi,Others,Grouting Equipment & Accessories,Grouting Equipment / Spare,PU / Cement Grouting Accessories
Rubber Diaphram 140 psi,Others,Grouting Equipment & Accessories,Grouting Equipment / Spare,PU / Cement Grouting Accessories
PVC Nozzle with lock,Others,Grouting Equipment & Accessories,Grouting Equipment / Spare,PU / Cement Grouting Accessories
PVC Nozzle without lock,Others,Grouting Equipment & Accessories,Grouting Equipment / Spare,PU / Cement Grouting Accessories
Single component PU grout pump SE1000,Others,Grouting Equipment & Accessories,Grouting Equipment / Spare,PU / Cement Grouting Accessories
Aluminium Packer 13mm X 100mm,Others,Grouting Equipment & Accessories,Grouting Equipment / Spare,PU / Cement Grouting Accessories
Aluminium Packer 13mm X 200mm,Others,Grouting Equipment & Accessories,Grouting Equipment / Spare,PU / Cement Grouting Accessories
Greece Coupler WNRV (10 nos per pack),Others,Grouting Equipment & Accessories,Grouting Equipment / Spare,PU / Cement Grouting Accessories
PU grouting Hose Pipe (V),Others,Grouting Equipment & Accessories,Grouting Equipment / Spare,PU / Cement Grouting Accessories
PU Grouting Gun (V),Others,Grouting Equipment & Accessories,Grouting Equipment / Spare,PU / Cement Grouting Accessories
O ring Set,Others,Grouting Equipment & Accessories,Grouting Equipment / Spare,PU / Cement Grouting Accessories
Piston Assembly (Without Fitting),Others,Grouting Equipment & Accessories,Grouting Equipment / Spare,PU / Cement Grouting Accessories
PU Machine Pressure Guage (Without Fitting),Others,Grouting Equipment & Accessories,Grouting Equipment / Spare,PU / Cement Grouting Accessories
PU Grouting Pipe,Others,Grouting Equipment & Accessories,Grouting Equipment / Spare,PU / Cement Grouting Accessories
Baker Rods,Others,Joint Sealants & Accessories,"Available in 6mm, 10mm, 12mm, 14mm, 20mm, 25mm, 30mm, 50mm, 60mm",Joint Fillers
Dimple Sheet (48 Sqmtr Roll),Others,Waterproofing,HDPE Dimple Sheet for protection,Dimpled Drainage Sheets
Dimple Sheet (46 Sqmtr Roll),Others,Waterproofing,HDPE Dimple Sheet for protection,Dimpled Drainage Sheets
Silica Quartz Sand,Others,Waterproofing,Quartz Sand for waterproofing and coving,Agreegates
Penetron Admix,Penetron,Concrete Admixtures,Integral crystalline waterproofing admixture,Crystalline waterproofing
Penetron Penecrete Mortar,Penetron,Structural Repair,Repair Mortar / Microconcrete,Repair Mortars & Microconcrete
Penetron slurry coating,Penetron,Waterproofing,Crystalline Slurry Coating,Crystalline Waterproofing
Penetron Plus,Penetron,Waterproofing,Dry shake waterproofing system,Crystalline Waterproofing
Penetron Penebar SW45,Penetron,Waterproofing,Hydrophilic Waterbars,Waterstops
Penetron Penebar Primer,Penetron,Waterproofing,Primer for Penetron SW45,Waterstop Accessories
Recron Fiber 6mm PP 90gms,Reliance Recron Fiber,Fibers & Reinforcement,PP Synthetic Fiber,Plaster fibers
Recron Fiber 12mm PP 125gms,Reliance Recron Fiber,Fibers & Reinforcement,PP Synthetic Fiber,Concrete Fibers
Sika Chapdur,Sika,Flooring & Surface Hardening,Non metallic floor hardener,Floor Hardeners
Sika Dur42,Sika,Grouts,Epoxy grout for machine foundations,Epoxy grouts
Sika Raintite,Sika,Waterproofing,Acrylic coopolymer for waterproofing,Liquid Applied Waterproofing
Addmix 215,SP Concare,Concrete Admixtures,Concrete Admixture,Concrete Plasticizers / Superplasticizers
Addmix 700,SP Concare,Concrete Admixtures,Integral waterproofing compound,Concrete Plasticizers / Superplasticizers
Splandek 150,SP Concare,Flooring & Surface Hardening,Non metallic floor hardener,Floor hardeners
Splandek LEF,SP Concare,Flooring & Surface Hardening,Lithium based floor hardener,Liquid based floor hardener
Jointsil 455 3K (White),SP Concare,Grouts,Epoxy tile grout 3 components,Grouts
Con-Inject 155,SP Concare,Injection Systems,Epoxy Injection for structural repairs,Injection Resins & Grouts
Con-Inject 156,SP Concare,Injection Systems,Thermosetting polymer based injection for repairs,Injection Resins & Grouts
Con-Inject 1K,SP Concare,Injection Systems,Polyurethane injection for waterproofing,Injection Resins & Grouts
Con-Inject PU 2K,SP Concare,Injection Systems,Polyurethane injection for waterproofing,Injection Resins & Grouts
Smartsil 311 Plus ,SP Concare,Protective Coatings,Coal-Tar Epoxy Coating,coaltar epoxy coating
SPC Durocon Hacko Plast,SP Concare,Structural Repair,Anti hack compound,Repair / Bonding Compounds
SPC Mr. Dry 124,SP Concare,Structural repair,Crack filler paste for external walls,Plaster crack repairs
SPC Ripstar 130,SP Concare,Structural Repair,Acrylic bonding agent,Bonding Agents
SPC Ripstar 142,SP Concare,Structural Repair,SBR Latex Polymer,Bonding Agents
SPC Ripstar 49,SP Concare,Structural Repair,Repair Mortar / Microconcrete,Repair / Injection Materials
Mr Dry 104 ,SP Concare,Waterproofing,900% flexible waterproof coating,Waterproofing Systems
Mr. Dry 104,SP Concare,Waterproofing,900% flexible waterproof coating,Waterproofing Systems
Mr. Dry 104 TC,SP Concare,Waterproofing,Transperant waterproofing system,Waterproofing Systems
Mr. Dry 830 EL,SP Concare,Waterproofing,Two component waterproofing systems,Waterproofing Systems
Mr. Dry 830 ELM,SP Concare,Waterproofing,Two component waterproofing systems,Waterproofing Systems
Mr. Dry 830 HE,SP Concare,Waterproofing,Two component waterproofing systems,Waterproofing Systems
Mr. Dry Fastplug,SP Concare,Waterproofing,Quick setting plug,Waterproofing Systems
Smartsil 450,SP Concare,Waterproofing,Acrylic waterproof coating for roofs and walls,Liquid Applied Waterproofing
STP Shaliseal PU GG,STP Ltd,Joint Sealants & Accessories,Polyurethane based sealant,Sealants
STP Shaliseal PS PG,STP Ltd,Joint Sealants & Accessories,Polysulphide based sealant pour grade,Sealants
STP Shaliseal PS GG,STP Ltd,Joint Sealants & Accessories,Polysulphide based sealant Gun grade,Sealants
STP SEJ Board ISI ( Per Board ),STP Ltd,Joint Sealants & Accessories,Expansion Joint Board,Expansion Joint Systems
STP SEJ Board Commercial Grade ( Per board ),STP Ltd,Joint Sealants & Accessories,Expansion Joint Board,Expansion Joint Systems
STP Shalipoxy CTE 303,STP Ltd,Protective Coatings,Coal-Tar Epoxy Coating,Epoxy Coatings
 STP Shali SBR Latex,STP Ltd,Structural Repair,Polymer / Latex Bonding Agent,Bonding Agents
STP Shalikote T10,STP Ltd,Waterproofing,Water based primer for Super Thermolay APP Membranes,Primer for waterproofing system
STP Shalitex primer,STP Ltd,Waterproofing,Oil based primer for Super thermolay APP Membranes,Primer for waterproofing system
STP Superthermolay 3mm plain finish,STP Ltd,Waterproofing,Atactic polypropylene modified membrane 3mm ,APP Modified membrane
STP Superthermolay 4mm plain finish,STP Ltd,Waterproofing,Atactic polypropylene modified membrane 3mm ,APP Modified membrane
STP Supertene,STP Ltd,Waterproofing,SBS Modified bituminous membrane for waterproofing,Bituminous Waterproofing
Sunanda Hack aid plast,Sunanda,Structural Repair,Hack-Free / Bonding Agent,Bonding Agents
Sunanda polyfill AR,Sunanda,Structural Repair,Crack filling paster with auto suction properties,Crack Repair
Sunanda Polyalk WP,Sunanda,Waterproofing,Acrylic based single component waterproofing system,Cementitious / Coating Waterproofing
Sunanda Polyalk EP,Sunanda,Waterproofing,Acrylic based single component waterproofing system,Cementitious / Coating Waterproofing